Name,Total Sentences,Total Tokens,Avg Tokens
R-14 D,9913,144308,14.557449813376374
R-15 D,4059,51622,12.717910815471791
R-16 D,6018,78256,13.003655699567963
